# adjective	comparative	superlative
aad	more aad	most aad
aald	more aald	most aald
able	abler	ablest
absent	absenter	absentest
abstruse	abstruser	abstrusest
absurd	absurder	absurdest
ace	more ace	most ace
acerb	acerber	acerbest
achey	achier	achiest
acid	acider	acidest
acrid	acrider	acridest
acute	acuter	acutest
adroit	adroiter	adroitest
adry	more adry	most adry
aft	further aft	furthest aft
aggie	more aggie	most aggie
agile	agiler	agilest
agèd	more agèd	most agèd
aiery	more aiery	most aiery
aigre	more aigre	most aigre
airworthy	airworthier	airworthiest
almondy	almondier	almondiest
alonely	alonelier	aloneliest
ambitious	ambitiouser	ambitiousest
ample	ampler	amplest
amœne	more amœne	most amœne
ancient	ancienter	ancientest
angy	more angy	most angy
antient	antienter	antientest
antique	antiquer	antiquest
anty	more anty	most anty
apply	more apply	most apply
archy	more archy	most archy
argh	more argh	most argh
arid	arider	aridest
astute	astuter	astutest
attry	more attry	most attry
august	auguster	augustest
auncient	auncienter	auncientest
auntient	auntienter	auntientest
austere	austerer	austerest
awful	awfuller	awfullest
awk	more awk	most awk
awks	more awks	most awks
awky	more awky	most awky
awry	more awry	most awry
bace	more bace	most bace
back	more back	most back
backstabby	backstabbier	backstabbiest
bad	worse	worst
badassy	badassier	badassiest
badly	more badly	most badly
bain	more bain	most bain
bairnly	more bairnly	most bairnly
balloony	balloonier	ballooniest
banky	more banky	most banky
bardie	more bardie	most bardie
barfy	more barfy	most barfy
baroque	baroquer	baroquest
barren	barrener	barrenest
barry	more barry	most barry
basementy	basementier	basementiest
bats	more bats	most bats
baulky	more baulky	most baulky
bawd	more bawd	most bawd
bayardly	more bayardly	most bayardly
bayish	more bayish	most bayish
beardly	more beardly	most beardly
bearly	more bearly	most bearly
beast	more beast	most beast
beasty	more beasty	most beasty
beat	more beat	most beat
beauish	more beauish	most beauish
beauty	more beauty	most beauty
beechy	more beechy	most beechy
beeish	more beeish	most beeish
beely	more beely	most beely
beetly	more beetly	most beetly
beety	more beety	most beety
beey	more beey	most beey
beggarly	beggarlier	beggarliest
beigey	beigier	beigiest
bein	more bein	most bein
beingly	more beingly	most beingly
belchy	more belchy	most belchy
belty	more belty	most belty
ben	benner	benmost
benchy	more benchy	most benchy
bene	benar	benat
benign	benigner	benignest
benty	more benty	most benty
bergy	more bergy	most bergy
bex	more bex	most bex
bias	more bias	most bias
biddy	more biddy	most biddy
bieldy	more bieldy	most bieldy
biglie	more biglie	most biglie
bigly	more bigly	most bigly
billowy	billowier	billowiest
bingy	more bingy	most bingy
birchy	more birchy	most birchy
birdly	more birdly	most birdly
birdy	more birdy	most birdy
birthy	more birthy	most birthy
bitchly	more bitchly	most bitchly
bitey	bitier	bitiest
blacke	more blacke	most blacke
bladdy	more bladdy	most bladdy
blady	more blady	most blady
blag	more blag	most blag
blah	more blah	most blah
blahdy	more blahdy	most blahdy
blasé	more blasé	most blasé
blazy	more blazy	most blazy
bleaky	more bleaky	most bleaky
blear	more blear	most blear
bleaty	more bleaty	most bleaty
blebby	more blebby	most blebby
blechy	more blechy	most blechy
bleddy	more bleddy	most bleddy
bleezy	more bleezy	most bleezy
bleh	more bleh	most bleh
blem	more blem	most blem
blendy	more blendy	most blendy
blerrie	more blerrie	most blerrie
blerry	more blerry	most blerry
blest	more blest	most blest
blew	more blew	most blew
blewe	more blewe	most blewe
blinde	more blinde	most blinde
blinky	more blinky	most blinky
bloat	more bloat	most bloat
blockt	more blockt	most blockt
blogworthy	blogworthier	blogworthiest
blokey	blokier	blokiest
bloodthirsty	bloodthirstier	bloodthirstiest
blooey	more blooey	most blooey
bloomy	more bloomy	most bloomy
bloopy	more bloopy	most bloopy
blossomy	blossomier	blossomiest
bloudie	more bloudie	most bloudie
blowsey	blowsier	blowsiest
blueberry	blueberrier	blueberriest
blueish	more blueish	most blueish
bluette	more bluette	most bluette
bluey	bluier	bluiest
bluffy	more bluffy	most bluffy
bluish	more bluish	most bluish
blur	more blur	most blur
blurpy	more blurpy	most blurpy
boasty	more boasty	most boasty
boaty	more boaty	most boaty
bodge	more bodge	most bodge
bodgy	more bodgy	most bodgy
boine	more boine	most boine
boingy	more boingy	most boingy
boinky	more boinky	most boinky
boln	more boln	most boln
bomb	more bomb	most bomb
bond	more bond	most bond
boney	bonier	boniest
bonks	more bonks	most bonks
bonky	more bonky	most bonky
booby	more booby	most booby
boogy	more boogy	most boogy
boojie	more boojie	most boojie
bookey	bookier	bookiest
booksy	more booksy	most booksy
bootlicky	bootlickier	bootlickiest
bosomy	bosomier	bosomiest
bossly	more bossly	most bossly
bossy	more bossy	most bossy
botchy	more botchy	most botchy
botty	more botty	most botty
bouffy	more bouffy	most bouffy
boughty	more boughty	most boughty
boughy	more boughy	most boughy
boujée	more boujée	most boujée
boun	more boun	most boun
bound	more bound	most bound
boune	more boune	most boune
bourgie	more bourgie	most bourgie
bousy	more bousy	most bousy
bowery	bowerier	boweriest
boyey	boyier	boyiest
boyish	more boyish	most boyish
boyly	more boyly	most boyly
boysy	more boysy	most boysy
bracky	more bracky	most bracky
braid	more braid	most braid
brainly	more brainly	most brainly
brak	more brak	most brak
branky	more branky	most branky
brant	more brant	most brant
brashy	more brashy	most brashy
brass	more brass	most brass
brat	more brat	most brat
brawly	more brawly	most brawly
brazy	more brazy	most brazy
breachy	more breachy	most breachy
breakly	more breakly	most breakly
breedy	more breedy	most breedy
breezey	breezier	breeziest
brent	more brent	most brent
briary	more briary	most briary
brickly	more brickly	most brickly
briery	more briery	most briery
brill	more brill	most brill
brim	more brim	most brim
brimmy	more brimmy	most brimmy
briny	more briny	most briny
brisky	more brisky	most brisky
brittle	brittler	brittlest
broey	broier	broiest
broish	more broish	most broish
broke	more broke	most broke
bronze	more bronze	most bronze
brooky	more brooky	most brooky
broomy	more broomy	most broomy
broon	more broon	most broon
brosy	more brosy	most brosy
browny	more browny	most browny
browsy	more browsy	most browsy
bruisy	more bruisy	most bruisy
brunchy	more brunchy	most brunchy
brusht	more brusht	most brusht
brut	more brut	most brut
brute	more brute	most brute
buddy	more buddy	most buddy
budgy	more budgy	most budgy
bugly	more bugly	most bugly
bugs	more bugs	most bugs
bulby	more bulby	most bulby
bullshitty	bullshittier	bullshittiest
bumbly	more bumbly	most bumbly
bunny	more bunny	most bunny
buoyant	more buoyant	most buoyant
burly	more burly	most burly
burnt	more burnt	most burnt
burpy	more burpy	most burpy
bush	more bush	most bush
bushly	more bushly	most bushly
busky	more busky	most busky
bussy	more bussy	most bussy
bustly	more bustly	most bustly
buttery	butterier	butteriest
butty	more butty	most butty
buxom	buxomer	buxomest
bye	more bye	most bye
bygly	more bygly	most bygly
cabbagey	cabbagier	cabbagiest
cabbagy	cabbagier	cabbagiest
cackly	more cackly	most cackly
cadgy	more cadgy	most cadgy
cagey	cagier	cagiest
cairny	more cairny	most cairny
cajj	more cajj	most cajj
cakey	cakier	cakiest
calfy	more calfy	most calfy
callow	callower	callowest
calme	more calme	most calme
calmy	more calmy	most calmy
cany	more cany	most cany
cappy	more cappy	most cappy
carby	more carby	most carby
cas	more cas	most cas
cash	more cash	most cash
casky	more casky	most casky
castworthy	castworthier	castworthiest
caszh	more caszh	most caszh
catly	more catly	most catly
caulky	more caulky	most caulky
cavy	more cavy	most cavy
cawky	more cawky	most cawky
caz	more caz	most caz
cazh	more cazh	most cazh
cedry	more cedry	most cedry
certy	more certy	most certy
chappy	more chappy	most chappy
chapt	more chapt	most chapt
charty	more charty	most charty
chasmy	more chasmy	most chasmy
chast	more chast	most chast
chaussé	more chaussé	most chaussé
chayav	more chayav	most chayav
cheem	more cheem	most cheem
cheerly	more cheerly	most cheerly
chestly	more chestly	most chestly
cheugy	more cheugy	most cheugy
chic	chicer	chicest
chickeny	chickenier	chickeniest
chiefe	more chiefe	most chiefe
chill	more chill	most chill
chim	more chim	most chim
chimpy	more chimpy	most chimpy
chinky	more chinky	most chinky
chinsy	more chinsy	most chinsy
chio	more chio	most chio
chipper	chipperer	chipperest
chitty	more chitty	most chitty
choate	more choate	most choate
chocolatey	chocolatier	chocolatiest
chocolaty	chocolatier	chocolatiest
choiceworthy	choiceworthier	choiceworthiest
chompy	more chompy	most chompy
chopsy	more chopsy	most chopsy
chossy	more chossy	most chossy
chuff	more chuff	most chuff
chuggy	more chuggy	most chuggy
chup	more chup	most chup
churny	more churny	most churny
chétif	more chétif	most chétif
cinchy	more cinchy	most cinchy
cinnamony	cinnamonier	cinnamoniest
circly	more circly	most circly
clacky	more clacky	most clacky
clampy	more clampy	most clampy
clanny	more clanny	most clanny
clappy	more clappy	most clappy
clayed	more clayed	most clayed
clayey	clayier	clayiest
clayish	more clayish	most clayish
cleane	more cleane	most cleane
cledgy	more cledgy	most cledgy
clencht	more clencht	most clencht
clenchy	more clenchy	most clenchy
clerky	more clerky	most clerky
clever	cleverer	cleverest
cliché	more cliché	most cliché
clichéd	more clichéd	most clichéd
clickbaity	clickbaitier	clickbaitiest
clidgy	more clidgy	most clidgy
cliently	more cliently	most cliently
clifty	more clifty	most clifty
cliquey	cliquier	cliquiest
cliquy	cliquier	cliquiest
cloam	more cloam	most cloam
clome	more clome	most clome
clompy	more clompy	most clompy
clonky	more clonky	most clonky
cloppy	more cloppy	most cloppy
clorty	more clorty	most clorty
clothy	more clothy	most clothy
clotty	more clotty	most clotty
clownly	more clownly	most clownly
cloying	more cloying	most cloying
cluey	more cluey	most cluey
clumse	more clumse	most clumse
clung	more clung	most clung
clutch	more clutch	most clutch
clutchy	more clutchy	most clutchy
coact	more coact	most coact
coaxy	more coaxy	most coaxy
cobbly	more cobbly	most cobbly
cobwebby	cobwebbier	cobwebbiest
cockey	cockier	cockiest
cockly	more cockly	most cockly
cocksy	more cocksy	most cocksy
coconutty	coconuttier	coconuttiest
cod	more cod	most cod
coggly	more coggly	most coggly
coky	more coky	most coky
comby	more comby	most comby
comely	comelier	comeliest
comf	more comf	most comf
comfortable	comfortabler	comfortablest
comly	more comly	most comly
common	commoner	most common
compt	more compt	most compt
concrete	concreter	concretest
conky	more conky	most conky
conny	more conny	most conny
coo	more coo	most coo
coolly	more coolly	most coolly
coorse	more coorse	most coorse
coppy	more coppy	most coppy
copsy	more copsy	most copsy
corbe	more corbe	most corbe
cordy	more cordy	most cordy
corny	more corny	most corny
corpsy	more corpsy	most corpsy
cosh	more cosh	most cosh
county	more county	most county
couply	more couply	most couply
couth	more couth	most couth
couthy	more couthy	most couthy
couyon	more couyon	most couyon
cowardly	cowardlier	cowardliest
cowl	more cowl	most cowl
coying	more coying	most coying
coyish	more coyish	most coyish
crackpotty	crackpottier	crackpottiest
craftly	more craftly	most craftly
craftsy	more craftsy	most craftsy
cramp	more cramp	most cramp
crampt	more crampt	most crampt
crapey	crapier	crapiest
cray	more cray	most cray
creant	more creant	most creant
create	more create	most create
creeshy	more creeshy	most creeshy
creme	more creme	most creme
cressy	more cressy	most cressy
cricky	more cricky	most cricky
cringe	more cringe	most cringe
cringey	cringier	cringiest
crinky	more crinky	most crinky
cripply	more cripply	most cripply
crocky	more crocky	most crocky
cronk	more cronk	most cronk
croony	more croony	most croony
crotchety	crotchetier	crotchetiest
crouse	more crouse	most crouse
crowly	more crowly	most crowly
crozzly	more crozzly	most crozzly
crudy	more crudy	most crudy
cruff	more cruff	most cruff
crump	more crump	most crump
crumpy	more crumpy	most crumpy
crup	more crup	most crup
cruxy	more cruxy	most cruxy
cryey	cryier	cryiest
crème	more crème	most crème
crèmey	more crèmey	most crèmey
crêpey	crêpier	crêpiest
cued	more cued	most cued
culmy	more culmy	most culmy
culty	more culty	most culty
cummy	more cummy	most cummy
cunny	more cunny	most cunny
cuntly	more cuntly	most cuntly
curmudgeonly	curmudgeonlier	curmudgeonliest
current	currenter	currentest
cursed	curseder	cursedest
curseworthy	curseworthier	curseworthiest
cursy	more cursy	most cursy
cursèd	more cursèd	most cursèd
cush	more cush	most cush
cushdie	more cushdie	most cushdie
cushdy	more cushdy	most cushdy
cushty	more cushty	most cushty
custardy	custardier	custardiest
cut	more cut	most cut
cutesie	cutesier	cutesiest
cutesy	cutesier	cutesiest
cuttie	more cuttie	most cuttie
cutty	more cutty	most cutty
cvt	more cvt	most cvt
cyan	more cyan	most cyan
cæsious	more cæsious	most cæsious
dab	more dab	most dab
dabby	more dabby	most dabby
daint	more daint	most daint
damned	damneder	damnedest
dampy	more dampy	most dampy
dapper	dapperer	dapperest
dastardly	dastardlier	dastardliest
dauby	more dauby	most dauby
dauncy	more dauncy	most dauncy
dawny	more dawny	most dawny
daynt	more daynt	most daynt
dazy	more dazy	most dazy
dear	more dear	most dear
dearn	more dearn	most dearn
deathy	more deathy	most deathy
deawy	more deawy	most deawy
dece	more dece	most dece
ded	more ded	most ded
deedly	more deedly	most deedly
deef	more deef	most deef
deist	more deist	most deist
delly	more delly	most delly
demure	demurer	demurest
dench	more dench	most dench
depthy	more depthy	most depthy
dern	more dern	most dern
dess	more dess	most dess
devout	devouter	devoutest
dicey	dicier	diciest
dickey	dickier	dickiest
dickly	more dickly	most dickly
dicy	more dicy	most dicy
diety	more diety	most diety
digne	more digne	most digne
dilly	more dilly	most dilly
dimmy	more dimmy	most dimmy
dirgy	more dirgy	most dirgy
discrete	discreter	discretest
disgusting	disgustinger	disgustingest
distinct	distincter	distinctest
ditchy	more ditchy	most ditchy
ditsy	more ditsy	most ditsy
diuers	more diuers	most diuers
divvy	more divvy	most divvy
dizzie	more dizzie	most dizzie
doddery	dodderier	dodderiest
dodge	more dodge	most dodge
doey	more doey	most doey
dof	more dof	most dof
doggly	more doggly	most doggly
dogly	more dogly	most dogly
doinky	more doinky	most doinky
dolly	more dolly	most dolly
dommy	more dommy	most dommy
domy	more domy	most domy
done	more done	most done
donk	more donk	most donk
doodly	more doodly	most doodly
dootsie	more dootsie	most dootsie
dopey	dopier	dopiest
dorty	more dorty	most dorty
dory	more dory	most dory
doubty	more doubty	most doubty
douchey	douchier	douchiest
douf	more douf	most douf
douth	more douth	most douth
doux	more doux	most doux
dowf	more dowf	most dowf
dowie	more dowie	most dowie
down	more down	most down
downcoast	further downcoast	furthest downcoast
downcountry	further downcountry	furthest downcountry
downfield	further downfield	furthest downfield
downhill	further downhill	furthest downhill
downrange	further downrange	furthest downrange
downslope	further downslope	furthest downslope
downstairs	further downstairs	furthest downstairs
downstream	further downstream	furthest downstream
downthread	further downthread	furthest downthread
downtown	further downtown	furthest downtown
downvalley	further downvalley	furthest downvalley
draffy	more draffy	most draffy
drag	more drag	most drag
draggly	more draggly	most draggly
drapey	drapier	drapiest
drawn	more drawn	most drawn
dreadly	more dreadly	most dreadly
dreare	more dreare	most dreare
drerie	more drerie	most drerie
driegh	more driegh	most driegh
drinkworthy	drinkworthier	drinkworthiest
drole	droler	drolest
droop	more droop	most droop
droumy	more droumy	most droumy
drudgey	drudgier	drudgiest
drummy	more drummy	most drummy
drungry	more drungry	most drungry
dtf	more dtf	most dtf
dubby	more dubby	most dubby
duckly	more duckly	most duckly
ducky	more ducky	most ducky
due	more due	most due
dulce	more dulce	most dulce
dully	more dully	most dully
dumb	more dumb	most dumb
duncy	more duncy	most duncy
dunky	more dunky	most dunky
duny	more duny	most duny
dure	more dure	most dure
durgy	more durgy	most durgy
dwarfy	more dwarfy	most dwarfy
dyed	more dyed	most dyed
dykey	dykier	dykiest
dyuers	more dyuers	most dyuers
déclassé	more déclassé	most déclassé
déclassée	more déclassée	most déclassée
dégagé	more dégagé	most dégagé
démodé	more démodé	most démodé
désoeuvré	more désoeuvré	most désoeuvré
eagre	more eagre	most eagre
earnest	earnester	earnestest
eastly	more eastly	most eastly
echt	more echt	most echt
eensy	more eensy	most eensy
eentsy	more eentsy	most eentsy
eevn	more eevn	most eevn
effœte	more effœte	most effœte
elite	eliter	elitest
elmy	more elmy	most elmy
ept	more ept	most ept
erthly	more erthly	most erthly
ethe	more ethe	most ethe
euil	more euil	most euil
euill	more euill	most euill
even	evener	evenest
evil	eviller	evillest
ewwy	more ewwy	most ewwy
ex	more ex	most ex
exact	exacter	exactest
exploity	exploitier	exploitiest
extreme	extremer	extremest
exxy	more exxy	most exxy
exy	more exy	most exy
faal	more faal	most faal
fabs	more fabs	most fabs
fady	more fady	most fady
fae	more fae	most fae
fail	more fail	most fail
fain	more fain	most fain
faine	more faine	most faine
fairy	more fairy	most fairy
faithfull	faithfuller	faithfullest
fameworthy	fameworthier	fameworthiest
fangy	more fangy	most fangy
far	farther	farthest
farmly	more farmly	most farmly
fav	more fav	most fav
fawce	more fawce	most fawce
fawny	more fawny	most fawny
fay	more fay	most fay
fayne	more fayne	most fayne
fear	more fear	most fear
feastly	more feastly	most feastly
feathery	featherier	featheriest
featy	more featy	most featy
feeble	feebler	feeblest
feels	more feels	most feels
feely	more feely	most feely
feer	more feer	most feer
feerie	more feerie	most feerie
feirie	more feirie	most feirie
fele	feler	felest
felt	more felt	most felt
felty	more felty	most felty
fem	more fem	most fem
female	femaler	femalest
femme	more femme	most femme
femmy	more femmy	most femmy
fenny	more fenny	most fenny
fere	more fere	most fere
festy	more festy	most festy
fetchy	more fetchy	most fetchy
fibry	more fibry	most fibry
fickle	fickler	ficklest
fidgety	fidgetier	fidgetiest
fieldy	more fieldy	most fieldy
fiendly	more fiendly	most fiendly
fiery	more fiery	most fiery
fighty	more fighty	most fighty
findy	more findy	most findy
finicky	finickier	finickiest
finnicky	finnickier	finnickiest
firie	more firie	most firie
firry	more firry	most firry
firy	more firy	most firy
fishly	more fishly	most fishly
fitte	more fitte	most fitte
fizzly	more fizzly	most fizzly
flaggy	more flaggy	most flaggy
flaily	more flaily	most flaily
flakey	flakier	flakiest
flary	more flary	most flary
flash	more flash	most flash
flawy	more flawy	most flawy
flaxy	more flaxy	most flaxy
fleamy	more fleamy	most fleamy
flecky	more flecky	most flecky
fleek	more fleek	most fleek
flew	more flew	most flew
flight	more flight	most flight
flisky	more flisky	most flisky
flit	more flit	most flit
flooey	more flooey	most flooey
flooky	more flooky	most flooky
flopsy	more flopsy	most flopsy
flouffy	more flouffy	most flouffy
flowery	flowerier	floweriest
flubby	more flubby	most flubby
flue	more flue	most flue
fluent	more fluent	most fluent
fluey	more fluey	most fluey
fluid	more fluid	most fluid
fluish	more fluish	most fluish
flusht	more flusht	most flusht
fluttery	flutterier	flutteriest
fluxy	more fluxy	most fluxy
fobby	more fobby	most fobby
foisty	more foisty	most foisty
foldy	more foldy	most foldy
folkly	more folkly	most folkly
foolhardy	foolhardier	foolhardiest
footy	more footy	most footy
foppy	more foppy	most foppy
forblack	forblacker	forblackest
forby	more forby	most forby
forlorn	forlorner	forlornest
forne	more forne	most forne
forte	more forte	most forte
forty	more forty	most forty
forté	fortissimo	fortississimo
forward	further forward	furthest forward
fou	more fou	most fou
fousty	more fousty	most fousty
fouth	more fouth	most fouth
fouty	more fouty	most fouty
foxly	more foxly	most foxly
fozy	more fozy	most fozy
frack	more frack	most frack
fragile	fragiler	fragilest
fraight	more fraight	most fraight
franzy	more franzy	most franzy
fraught	more fraught	most fraught
frayed	more frayed	most frayed
freck	more freck	most freck
freeing	more freeing	most freeing
freeish	more freeish	most freeish
freety	more freety	most freety
freeuse	more freeuse	most freeuse
freight	more freight	most freight
frem	more frem	most frem
frenzy	more frenzy	most frenzy
fretty	more fretty	most fretty
friarly	more friarly	most friarly
friary	more friary	most friary
fribby	more fribby	most fribby
fricy	more fricy	most fricy
fridgy	more fridgy	most fridgy
fried	more fried	most fried
fright	more fright	most fright
frightly	more frightly	most frightly
frim	more frim	most frim
fringe	more fringe	most fringe
fringey	fringier	fringiest
frit	more frit	most frit
frithy	more frithy	most frithy
fritzy	more fritzy	most fritzy
frogly	more frogly	most frogly
frondy	more frondy	most frondy
front	further front	furthest front
froofy	more froofy	most froofy
frore	more frore	most frore
frory	more frory	most frory
froughy	more froughy	most froughy
frouzy	more frouzy	most frouzy
frow	more frow	most frow
fruitly	more fruitly	most fruitly
frush	more frush	most frush
fscked	more fscked	most fscked
fubby	more fubby	most fubby
fudgey	fudgier	fudgiest
fullie	more fullie	most fullie
fulsome	fulsomer	fulsomest
fun	more fun	most fun
funni	funnier	funniest
furzy	more furzy	most furzy
futzy	more futzy	most futzy
fye	more fye	most fye
fœcund	more fœcund	most fœcund
fœtid	more fœtid	most fœtid
gafty	more gafty	most gafty
gaggly	more gaggly	most gaggly
gain	more gain	most gain
gally	more gally	most gally
game	more game	most game
gamely	gamelier	gameliest
gamy	more gamy	most gamy
ganté	more ganté	most ganté
gao	more gao	most gao
gapey	gapier	gapiest
gapy	more gapy	most gapy
garbagey	garbagier	garbagiest
garbagy	garbagier	garbagiest
garbly	more garbly	most garbly
gash	more gash	most gash
gashly	more gashly	most gashly
gashy	more gashy	most gashy
gastly	more gastly	most gastly
gauche	more gauche	most gauche
gaumy	more gaumy	most gaumy
gaunty	more gaunty	most gaunty
gazy	more gazy	most gazy
gear	more gear	most gear
geekly	more geekly	most geekly
gent	more gent	most gent
gentle	gentler	gentlest
gentlemanly	gentlemanlier	gentlemanliest
genty	more genty	most genty
ghast	more ghast	most ghast
ghood	more ghood	most ghood
ghoully	more ghoully	most ghoully
ghouly	more ghouly	most ghouly
giantly	more giantly	most giantly
gifty	more gifty	most gifty
gilt	more gilt	most gilt
gim	more gim	most gim
gimmicky	gimmickier	gimmickiest
gimp	more gimp	most gimp
ginge	more ginge	most ginge
ginny	more ginny	most ginny
girt	more girt	most girt
girthly	more girthly	most girthly
gladsome	gladsomer	gladsomest
glady	more glady	most glady
glaiky	more glaiky	most glaiky
glairy	more glairy	most glairy
glaky	more glaky	most glaky
glammy	more glammy	most glammy
glare	more glare	most glare
glaury	more glaury	most glaury
gleby	more gleby	most gleby
gleeish	more gleeish	most gleeish
gleety	more gleety	most gleety
gleyic	more gleyic	most gleyic
glidy	more glidy	most glidy
glimmery	glimmerier	glimmeriest
glint	more glint	most glint
glinty	more glinty	most glinty
glittery	glitterier	glitteriest
gloaty	more gloaty	most gloaty
globy	more globy	most globy
glor	more glor	most glor
glore	more glore	most glore
glueish	more glueish	most glueish
gluey	gluier	gluiest
gluish	more gluish	most gluish
glummy	more glummy	most glummy
gnar	more gnar	most gnar
gneissy	more gneissy	most gneissy
goals	more goals	most goals
goatly	more goatly	most goatly
gobbly	more gobbly	most gobbly
goey	more goey	most goey
goggly	more goggly	most goggly
gone	further gone	furthest gone
good	better	best
gorge	more gorge	most gorge
gorsy	more gorsy	most gorsy
gossipy	gossipier	gossipiest
gourdy	more gourdy	most gourdy
gousty	more gousty	most gousty
goyisch	more goyisch	most goyisch
goyische	more goyische	most goyische
goyish	more goyish	most goyish
goyishe	more goyishe	most goyishe
gradely	gradelier	gradeliest
grande	more grande	most grande
grape	more grape	most grape
grapey	grapier	grapiest
grate	more grate	most grate
grateful	gratefuller	gratefullest
grayey	grayier	grayiest
grayish	more grayish	most grayish
greasey	greasier	greasiest
greenly	more greenly	most greenly
greet	more greet	most greet
greisly	more greisly	most greisly
greuous	more greuous	most greuous
greyey	greyier	greyiest
griddy	more griddy	most griddy
griefy	more griefy	most griefy
griesly	more griesly	most griesly
gril	more gril	most gril
grinchy	more grinchy	most grinchy
grindy	more grindy	most grindy
grinny	more grinny	most grinny
gristy	more gristy	most gristy
grisy	more grisy	most grisy
gro	more gro	most gro
groady	more groady	most groady
groany	more groany	most groany
groaty	more groaty	most groaty
gropy	more gropy	most gropy
grossy	more grossy	most grossy
grotesque	grotesquer	grotesquest
grotsky	more grotsky	most grotsky
groundly	more groundly	most groundly
groupy	more groupy	most groupy
grousy	more grousy	most grousy
grovy	more grovy	most grovy
grown	more grown	most grown
gruelly	more gruelly	most gruelly
gruesome	gruesomer	gruesomest
gruey	more gruey	most gruey
guestly	more guestly	most guestly
gulfy	more gulfy	most gulfy
gulpy	more gulpy	most gulpy
guly	more guly	most guly
gunshy	more gunshy	most gunshy
gurgly	more gurgly	most gurgly
gurly	more gurly	most gurly
gut	more gut	most gut
guyish	more guyish	most guyish
guzzly	more guzzly	most guzzly
h	more h	most h
hackly	more hackly	most hackly
hacky	more hacky	most hacky
haggly	more haggly	most haggly
haggy	more haggy	most haggy
haily	more haily	most haily
hale	haler	halest
halesome	halesomer	halesomest
halt	more halt	most halt
hankty	more hankty	most hankty
harmful	harmfuller	harmfullest
hassly	more hassly	most hassly
hateful	hatefuller	hatefullest
haught	more haught	most haught
haulmy	more haulmy	most haulmy
hault	more hault	most hault
haunty	more haunty	most haunty
haut	more haut	most haut
haute	more haute	most haute
hautie	more hautie	most hautie
hauty	more hauty	most hauty
hawky	more hawky	most hawky
hayey	hayier	hayiest
headliney	headlinier	headliniest
headliny	headlinier	headliniest
headly	more headly	most headly
headshy	more headshy	most headshy
healthful	healthfuller	healthfullest
hean	more hean	most hean
heartthrobby	heartthrobbier	heartthrobbiest
heathen	heathener	heathenest
heaty	more heaty	most heaty
heauy	heauier	heauiest
heavenly	heavenlier	heavenliest
heavy	more heavy	most heavy
heedy	more heedy	most heedy
helly	more helly	most helly
hempie	more hempie	most hempie
hempy	more hempy	most hempy
hendy	more hendy	most hendy
heng	more heng	most heng
hep	more hep	most hep
heppen	heppener	heppenest
herky	more herky	most herky
het	more het	most het
hewn	more hewn	most hewn
hiam	more hiam	most hiam
hidy	more hidy	most hidy
hillie	more hillie	most hillie
hind	hinder	hindmost
hitchy	more hitchy	most hitchy
hivey	hivier	hiviest
hobbly	more hobbly	most hobbly
hoeish	more hoeish	most hoeish
hoish	more hoish	most hoish
hokey	hokier	hokiest
hold	more hold	most hold
hole	holer	holest
holey	holier	holiest
hollow	hollower	hollowest
homely	homelier	homeliest
homey	homier	homiest
homy	more homy	most homy
honey	honeyer	honeyest
hoofy	more hoofy	most hoofy
hoopy	more hoopy	most hoopy
horngry	more horngry	most horngry
horrible	horribler	horriblest
horrid	horrider	horridest
horsey	horsier	horsiest
hostly	more hostly	most hostly
hote	more hote	most hote
housy	more housy	most housy
hubbly	more hubbly	most hubbly
huggie	more huggie	most huggie
hully	more hully	most hully
humane	humaner	humanest
humble	humbler	humblest
humid	humider	humidest
hummy	more hummy	most hummy
humpty	more humpty	most humpty
hunchy	more hunchy	most hunchy
hung	more hung	most hung
hurt	more hurt	most hurt
husht	more husht	most husht
hushy	more hushy	most hushy
hustly	more hustly	most hustly
hygge	more hygge	most hygge
hype	more hype	most hype
hypey	hypier	hypiest
hyte	more hyte	most hyte
hæmal	more hæmal	most hæmal
icebergy	icebergier	icebergiest
icey	icier	iciest
ickle	ickler	icklest
ignoble	ignobler	ignoblest
ignorant	ignoranter	ignorantest
illy	more illy	most illy
immense	immenser	immensest
impeachy	impeachier	impeachiest
impolite	impoliter	impolitest
in	more in	most in
inane	inaner	inanest
incy	more incy	most incy
indiscreet	indiscreeter	indiscreetest
indiscrete	indiscreter	indiscretest
infirm	infirmer	infirmest
inly	more inly	most inly
inset	further inset	furthest inset
intense	intenser	intensest
irie	more irie	most irie
ishy	more ishy	most ishy
iust	more iust	most iust
jack	more jack	most jack
jady	more jady	most jady
jake	more jake	most jake
jank	more jank	most jank
janty	more janty	most janty
jarg	more jarg	most jarg
jargony	jargonier	jargoniest
jarry	more jarry	most jarry
jaspé	more jaspé	most jaspé
jeal	more jeal	most jeal
jealous	jealouser	jealousest
jeansy	more jeansy	most jeansy
jeery	more jeery	most jeery
jel	more jel	most jel
jelly	more jelly	most jelly
jesty	more jesty	most jesty
jetty	more jetty	most jetty
jiggy	more jiggy	most jiggy
jimpy	more jimpy	most jimpy
jittery	jitterier	jitteriest
jivey	jivier	jiviest
jivy	more jivy	most jivy
jizzy	more jizzy	most jizzy
jocky	more jocky	most jocky
joggly	more joggly	most joggly
jointy	more jointy	most jointy
jokey	jokier	jokiest
jostly	more jostly	most jostly
jotty	more jotty	most jotty
joyant	more joyant	most joyant
joyful	joyfuller	joyfullest
joyish	more joyish	most joyish
joyous	more joyous	most joyous
juggy	more juggy	most juggy
juish	more juish	most juish
jumbly	more jumbly	most jumbly
jump	more jump	most jump
kanny	more kanny	most kanny
kasj	more kasj	most kasj
kau	more kau	most kau
kayu	more kayu	most kayu
keene	more keene	most keene
kemp	more kemp	most kemp
kempt	more kempt	most kempt
kempty	more kempty	most kempty
keyed	more keyed	most keyed
kibbley	kibblier	kibbliest
kiby	more kiby	most kiby
kidly	more kidly	most kidly
kidsy	more kidsy	most kidsy
kif	more kif	most kif
kiff	more kiff	most kiff
kike	more kike	most kike
kinkly	more kinkly	most kinkly
kinly	more kinly	most kinly
kisky	more kisky	most kisky
kittle	kittler	kittlest
kludgey	kludgier	kludgiest
klugey	klugier	klugiest
knacky	more knacky	most knacky
knarry	more knarry	most knarry
knocky	more knocky	most knocky
knoppy	more knoppy	most knoppy
known	better known	best known
knubbly	more knubbly	most knubbly
knubby	more knubby	most knubby
knurry	more knurry	most knurry
kookie	more kookie	most kookie
koyak	more koyak	most koyak
kvlt	more kvlt	most kvlt
kwaai	more kwaai	most kwaai
kweng	more kweng	most kweng
laanie	more laanie	most laanie
lacey	lacier	laciest
ladsy	more ladsy	most ladsy
laic	more laic	most laic
laidly	more laidly	most laidly
landly	more landly	most landly
laoya	more laoya	most laoya
lappy	more lappy	most lappy
larpy	more larpy	most larpy
lash	more lash	most lash
lashy	more lashy	most lashy
lask	more lask	most lask
lauyah	more lauyah	most lauyah
lavish	lavisher	lavishest
lawly	more lawly	most lawly
lay	more lay	most lay
layery	more layery	most layery
leachy	more leachy	most leachy
leady	more leady	most leady
leak	more leak	most leak
leane	more leane	most leane
leany	more leany	most leany
learnèd	more learnèd	most learnèd
learnéd	more learnéd	most learnéd
leasy	more leasy	most leasy
leavy	more leavy	most leavy
lechy	more lechy	most lechy
leechy	more leechy	most leechy
leer	more leer	most leer
leesy	more leesy	most leesy
leetle	leetler	leetlest
left	further left	furthest left
lefty	more lefty	most lefty
lemony	lemonier	lemoniest
lengthly	more lengthly	most lengthly
les	more les	most les
letchy	more letchy	most letchy
level	leveler	levelest
lew	more lew	most lew
lez	more lez	most lez
lich	more lich	most lich
like	more like	most like
likeworthy	likeworthier	likeworthiest
limber	limberer	limberest
limey	limier	limiest
limpsy	more limpsy	most limpsy
limpy	more limpy	most limpy
lingy	more lingy	most lingy
linksy	more linksy	most linksy
lionly	more lionly	most lionly
lispy	more lispy	most lispy
lissom	lissomer	lissomest
lissome	lissomer	lissomest
listy	more listy	most listy
lit	more lit	most lit
lithy	more lithy	most lithy
litle	litler	litlest
little	littler	littlest
litty	more litty	most litty
live	more live	most live
lively	livelier	liveliest
livid	livider	lividest
loafy	more loafy	most loafy
loc	more loc	most loc
locky	more locky	most locky
loft	more loft	most loft
loggy	more loggy	most loggy
loial	more loial	most loial
lonely	lonelier	loneliest
loopie	more loopie	most loopie
lor	more lor	most lor
lorn	more lorn	most lorn
loury	more loury	most loury
lousey	lousier	lousiest
louty	more louty	most louty
lovely	lovelier	loveliest
loving	lovinger	lovingest
lovèd	more lovèd	most lovèd
lowsie	more lowsie	most lowsie
lowsy	more lowsy	most lowsy
loyal	more loyal	most loyal
lucid	lucider	lucidest
luckie	more luckie	most luckie
lukewarm	lukewarmer	lukewarmest
lummy	more lummy	most lummy
lurchy	more lurchy	most lurchy
lurky	more lurky	most lurky
lusk	more lusk	most lusk
lustie	more lustie	most lustie
luxe	luxier	luxest
lyery	more lyery	most lyery
lying	more lying	most lying
lymphy	more lymphy	most lymphy
lytel	lyteler	lytelest
lythe	more lythe	most lythe
mackly	more mackly	most mackly
macky	more macky	most macky
maily	more maily	most maily
maizy	more maizy	most maizy
male	maler	malest
malmy	more malmy	most malmy
manful	manfuller	manfullest
manx	more manx	most manx
many	more	most
maply	more maply	most maply
marbly	more marbly	most marbly
mard	more mard	most mard
markèd	more markèd	most markèd
marshmallowy	marshmallowier	marshmallowiest
marvie	more marvie	most marvie
marvy	more marvy	most marvy
masc	more masc	most masc
masty	more masty	most masty
matching	better matching	best matching
matchy	more matchy	most matchy
matey	matier	matiest
mathsy	more mathsy	most mathsy
mathy	more mathy	most mathy
matt	more matt	most matt
matte	more matte	most matte
matty	more matty	most matty
maumy	more maumy	most maumy
maungy	more maungy	most maungy
mauvy	more mauvy	most mauvy
mauzy	more mauzy	most mauzy
maybe	more maybe	most maybe
mayorly	more mayorly	most mayorly
mazaldik	mazaldiker	mazaldikest
meady	more meady	most meady
meager	meagerer	meagerest
meandry	more meandry	most meandry
meedy	more meedy	most meedy
meh	more meh	most meh
mellow	mellower	mellowest
memey	memier	memiest
meshy	more meshy	most meshy
mete	more mete	most mete
mick	more mick	most mick
mightly	more mightly	most mightly
milty	more milty	most milty
mimzy	more mimzy	most mimzy
mindly	more mindly	most mindly
minky	more minky	most minky
minute	minuter	minutest
minxy	more minxy	most minxy
miny	more miny	most miny
mirthful	mirthfuller	mirthfullest
misly	more misly	most misly
mixt	more mixt	most mixt
miz	more miz	most miz
mizzly	more mizzly	most mizzly
moan	more moan	most moan
moaty	more moaty	most moaty
moby	more moby	most moby
modern	moderner	modernest
mody	more mody	most mody
moe	more moe	most moe
moggy	more moggy	most moggy
momly	more momly	most momly
monkly	more monkly	most monkly
moonly	more moonly	most moonly
moory	more moory	most moory
mooshy	more mooshy	most mooshy
moot	more moot	most moot
mopey	mopier	mopiest
motty	more motty	most motty
mouldly	more mouldly	most mouldly
moundy	more moundy	most moundy
mournful	mournfuller	mournfullest
mousey	mousier	mousiest
moussy	more moussy	most moussy
mouthly	more mouthly	most mouthly
mspec	more mspec	most mspec
muckle	muckler	mucklest
mucksy	more mucksy	most mucksy
muddly	more muddly	most muddly
muffly	more muffly	most muffly
mulchy	more mulchy	most mulchy
mumly	more mumly	most mumly
mumpy	more mumpy	most mumpy
mundane	mundaner	mundanest
mungy	more mungy	most mungy
murkly	more murkly	most murkly
mushroomy	mushroomier	mushroomiest
mustardy	mustardier	mustardiest
musthy	more musthy	most musthy
musty	more musty	most musty
muxy	more muxy	most muxy
myall	more myall	most myall
myrrhy	more myrrhy	most myrrhy
nacry	more nacry	most nacry
naice	more naice	most naice
naiive	more naiive	most naiive
naily	more naily	most naily
nakie	more nakie	most nakie
namby	more namby	most namby
nang	more nang	most nang
nangry	more nangry	most nangry
narrow	narrower	narrowest
nash	more nash	most nash
natiue	more natiue	most natiue
nattie	more nattie	most nattie
natty	more natty	most natty
navy	more navy	most navy
naïf	more naïf	most naïf
nearby	more nearby	most nearby
necessary	necessarier	necessariest
neeky	more neeky	most neeky
neighborly	neighborlier	neighborliest
neppy	more neppy	most neppy
nerdly	more nerdly	most nerdly
nerts	more nerts	most nerts
nesty	more nesty	most nesty
nettly	more nettly	most nettly
newsworthy	newsworthier	newsworthiest
newtly	more newtly	most newtly
ngeow	more ngeow	most ngeow
nibbly	more nibbly	most nibbly
nibby	more nibby	most nibby
niche	more niche	most niche
niggly	more niggly	most niggly
nimble	nimbler	nimblest
nimby	more nimby	most nimby
nimps	more nimps	most nimps
nippley	nipplier	nippliest
nither	nithermore	nithermost
nitpicky	nitpickier	nitpickiest
nitry	more nitry	most nitry
nitty	more nitty	most nitty
noble	nobler	noblest
noddy	more noddy	most noddy
noily	more noily	most noily
noious	more noious	most noious
noir	more noir	most noir
noisey	noisier	noisiest
noncey	noncier	nonciest
noodgy	more noodgy	most noodgy
normie	more normie	most normie
northly	more northly	most northly
nosey	nosier	nosiest
notcht	more notcht	most notcht
noteworthy	noteworthier	noteworthiest
nott	more nott	most nott
noughty	more noughty	most noughty
nouny	more nouny	most nouny
noyous	more noyous	most noyous
nsfw	more nsfw	most nsfw
nu	more nu	most nu
nudgy	more nudgy	most nudgy
null	more null	most null
numby	more numby	most numby
nunly	more nunly	most nunly
nurdy	more nurdy	most nurdy
nutly	more nutly	most nutly
nuts	more nuts	most nuts
nuzzly	more nuzzly	most nuzzly
nymphly	more nymphly	most nymphly
oary	more oary	most oary
oatsy	more oatsy	most oatsy
obdt	more obdt	most obdt
oblique	obliquer	obliquest
obscene	obscener	obscenest
obscure	obscurer	obscurest
obscæne	more obscæne	most obscæne
obstruse	obstruser	obstrusest
obtuse	obtuser	obtusest
ochry	more ochry	most ochry
ocky	more ocky	most ocky
off	more off	most off
olde	more olde	most olde
onery	onerier	oneriest
oniony	onionier	onioniest
oofy	more oofy	most oofy
ooid	more ooid	most ooid
oontzy	more oontzy	most oontzy
oorie	more oorie	most oorie
oosy	more oosy	most oosy
op	more op	most op
ope	more ope	most ope
oppy	more oppy	most oppy
orange	oranger	orangest
orangey	orangier	orangiest
orangy	orangier	orangiest
orby	more orby	most orby
ornary	ornarier	ornariest
ornery	ornerier	orneriest
orné	more orné	most orné
ornée	more ornée	most ornée
osm	more osm	most osm
ouchy	more ouchy	most ouchy
ougly	more ougly	most ougly
oul	more oul	most oul
ourie	more ourie	most ourie
outdoorsy	outdoorsier	outdoorsiest
outré	more outré	most outré
outrée	more outrée	most outrée
owrie	more owrie	most owrie
oyly	more oyly	most oyly
pacey	pacier	paciest
paddy	more paddy	most paddy
painful	painfuller	painfullest
painy	more painy	most painy
pale	paler	palest
pallid	pallider	pallidest
palsy	more palsy	most palsy
paly	more paly	most paly
pamby	more pamby	most pamby
pants	more pants	most pants
pap	more pap	most pap
parchy	more parchy	most parchy
parkly	more parkly	most parkly
passe	more passe	most passe
passé	more passé	most passé
passée	more passée	most passée
past	more past	most past
pastey	pastier	pastiest
pat	more pat	most pat
pauce	more pauce	most pauce
paultrie	more paultrie	most paultrie
paultry	more paultry	most paultry
peach	more peach	most peach
peak	more peak	most peak
peakèd	more peakèd	most peakèd
peary	more peary	most peary
peasy	more peasy	most peasy
pebly	more pebly	most pebly
pecky	more pecky	most pecky
peedie	more peedie	most peedie
peely	more peely	most peely
peery	more peery	most peery
peevy	more peevy	most peevy
peppery	pepperier	pepperiest
pept	more pept	most pept
perfect	perfecter	perfectest
perk	more perk	most perk
pesty	more pesty	most pesty
phoney	phonier	phoniest
phrasy	more phrasy	most phrasy
phun	more phun	most phun
phunky	more phunky	most phunky
pickly	more pickly	most pickly
pied	more pied	most pied
piff	more piff	most piff
piffly	more piffly	most piffly
pigmy	more pigmy	most pigmy
pily	more pily	most pily
pimpsy	more pimpsy	most pimpsy
pimpy	more pimpy	most pimpy
pingy	more pingy	most pingy
pious	more pious	most pious
pippy	more pippy	most pippy
pipy	more pipy	most pipy
pish	more pish	most pish
pitiful	pitifuller	pitifullest
pizazzy	pizazzier	pizazziest
pizzazzy	pizzazzier	pizzazziest
placid	placider	placidest
plaguey	plaguier	plaguiest
plaguy	plaguier	plaguiest
plaid	more plaid	most plaid
plaine	more plaine	most plaine
planky	more planky	most planky
plashy	more plashy	most plashy
plat	more plat	most plat
playful	playfuller	playfullest
pleasaunt	pleasaunter	pleasauntest
plebby	more plebby	most plebby
plentiful	plentifuller	plentifullest
plenty	more plenty	most plenty
plesaunt	plesaunter	plesauntest
pliant	more pliant	most pliant
plim	more plim	most plim
plompy	more plompy	most plompy
plooky	more plooky	most plooky
pluffy	more pluffy	most pluffy
plum	more plum	most plum
plumb	more plumb	most plumb
plumy	more plumy	most plumy
pobby	more pobby	most pobby
pocky	more pocky	most pocky
poed	more poed	most poed
poetly	more poetly	most poetly
pog	more pog	most pog
polite	politer	politest
poncey	poncier	ponciest
pondy	more pondy	most pondy
ponge	more ponge	most ponge
poochy	more poochy	most poochy
poodly	more poodly	most poodly
pooer	more pooer	most pooer
pooey	pooier	pooiest
poopie	more poopie	most poopie
poovy	more poovy	most poovy
porty	more porty	most porty
pory	more pory	most pory
pos	more pos	most pos
posey	posier	posiest
pov	more pov	most pov
powdry	more powdry	most powdry
praiseworthy	praiseworthier	praiseworthiest
prat	more prat	most prat
pratty	more pratty	most pratty
prawny	more prawny	most prawny
preg	more preg	most preg
pregs	more pregs	most pregs
presh	more presh	most presh
prest	more prest	most prest
priany	more priany	most priany
pricey	pricier	priciest
priestly	more priestly	most priestly
primpy	more primpy	most primpy
primsy	more primsy	most primsy
princely	princelier	princeliest
princessy	princessier	princessiest
privie	more privie	most privie
privy	more privy	most privy
pro	more pro	most pro
profane	profaner	profanest
prommy	more prommy	most prommy
prompt	more prompt	most prompt
prongy	more prongy	most prongy
proof	more proof	most proof
prophane	prophaner	prophanest
propre	more propre	most propre
prosey	prosier	prosiest
proude	more proude	most proude
prowde	more prowde	most prowde
prude	more prude	most prude
pruny	more pruny	most pruny
pryany	more pryany	most pryany
prying	more prying	most prying
præcise	more præcise	most præcise
prægnant	more prægnant	most prægnant
præscient	more præscient	most præscient
præscious	more præscious	most præscious
præsent	more præsent	most præsent
pseudy	more pseudy	most pseudy
psych	more psych	most psych
pubey	pubier	pubiest
puddingy	puddingier	puddingiest
pudsy	more pudsy	most pudsy
puisne	more puisne	most puisne
puisny	more puisny	most puisny
pukey	pukier	pukiest
pulp	more pulp	most pulp
pumpy	more pumpy	most pumpy
pumy	more pumy	most pumy
punch	more punch	most punch
purfly	more purfly	most purfly
purpre	more purpre	most purpre
pussy	more pussy	most pussy
putry	more putry	most putry
putzy	more putzy	most putzy
puzzly	more puzzly	most puzzly
pvblic	more pvblic	most pvblic
pygmy	more pygmy	most pygmy
pyoid	more pyoid	most pyoid
pzazzy	more pzazzy	most pzazzy
quack	more quack	most quack
quakey	quakier	quakiest
quart	more quart	most quart
quashy	more quashy	most quashy
quate	more quate	most quate
queachy	more queachy	most queachy
queerbaity	queerbaitier	queerbaitiest
queerie	more queerie	most queerie
queery	more queery	most queery
queint	more queint	most queint
quibbly	more quibbly	most quibbly
quiche	more quiche	most quiche
quilly	more quilly	most quilly
quilty	more quilty	most quilty
quim	more quim	most quim
quisby	more quisby	most quisby
quizzy	more quizzy	most quizzy
rabbly	more rabbly	most rabbly
rabid	rabider	rabidest
rabz	more rabz	most rabz
rackety	racketier	racketiest
radge	more radge	most radge
ragey	ragier	ragiest
raggedy	raggedier	raggediest
raggie	more raggie	most raggie
rah	more rah	most rah
raky	more raky	most raky
ram	more ram	most ram
rambly	more rambly	most rambly
rammy	more rammy	most rammy
ranchy	more ranchy	most ranchy
ranck	more ranck	most ranck
rapt	more rapt	most rapt
rare	more rare	most rare
rascally	rascallier	rascalliest
rashy	more rashy	most rashy
raspberry	raspberrier	raspberriest
rath	more rath	most rath
ratly	more ratly	most ratly
rayed	more rayed	most rayed
razzly	more razzly	most razzly
reachy	more reachy	most reachy
readie	more readie	most readie
reasty	more reasty	most reasty
recessed	further recessed	furthest recessed
reckless	recklesser	recklessest
reesty	more reesty	most reesty
reet	mair reet	maist reet
rent	more rent	most rent
resty	more resty	most resty
revvy	more revvy	most revvy
rhymey	rhymier	rhymiest
riant	more riant	most riant
riante	more riante	most riante
ribald	ribalder	ribaldest
ricketty	rickettier	rickettiest
rickety	ricketier	ricketiest
ricy	more ricy	most ricy
riffly	more riffly	most riffly
rifty	more rifty	most rifty
right	further right	furthest right
rigid	rigider	rigidest
rily	more rily	most rily
rindy	more rindy	most rindy
ringy	more ringy	most ringy
rippy	more rippy	most rippy
risque	more risque	most risque
rixy	more rixy	most rixy
rizzy	more rizzy	most rizzy
roachy	more roachy	most roachy
roary	more roary	most roary
roddy	more roddy	most roddy
rogue	more rogue	most rogue
roguey	roguier	roguiest
roguy	roguier	roguiest
roial	more roial	most roial
roiall	more roiall	most roiall
roky	more roky	most roky
rolly	more rolly	most rolly
rompy	more rompy	most rompy
roofy	more roofy	most roofy
room	more room	most room
roomly	more roomly	most roomly
roomthy	more roomthy	most roomthy
ropey	ropier	ropiest
rory	more rory	most rory
rote	more rote	most rote
rotten	rottener	rottenest
rotund	rotunder	rotundest
rouge	more rouge	most rouge
roughdry	more roughdry	most roughdry
round	more round	most round
roundy	more roundy	most roundy
rownd	more rownd	most rownd
rowy	more rowy	most rowy
royall	more royall	most royall
rubbery	rubberier	rubberiest
rubbishy	rubbishier	rubbishiest
ruby	more ruby	most ruby
ruckly	more ruckly	most ruckly
rulesy	rulesier	rulesiest
rumpty	more rumpty	most rumpty
rushy	more rushy	most rushy
rustly	more rustly	most rustly
rusty	more rusty	most rusty
sable	sabler	sablest
sagey	sagier	sagiest
saily	more saily	most saily
sallow	sallower	sallowest
salt	more salt	most salt
samfie	more samfie	most samfie
sangry	more sangry	most sangry
sappy	more sappy	most sappy
sare	more sare	most sare
sat	more sat	most sat
saught	more saught	most saught
sausagey	sausagier	sausagiest
sausagy	sausagier	sausagiest
sautéd	more sautéd	most sautéd
sav	more sav	most sav
savory	savorier	savoriest
savoury	savourier	savouriest
sayang	more sayang	most sayang
scaggy	more scaggy	most scaggy
scairt	more scairt	most scairt
scald	more scald	most scald
scaley	scalier	scaliest
scalpy	more scalpy	most scalpy
scampy	more scampy	most scampy
scance	more scance	most scance
scare	more scare	most scare
scarfy	more scarfy	most scarfy
scathy	more scathy	most scathy
schemey	schemier	schemiest
schemy	more schemy	most schemy
schewpid	schewpider	schewpidest
schisty	more schisty	most schisty
schitz	more schitz	most schitz
schitzy	more schitzy	most schitzy
schiz	more schiz	most schiz
schizy	more schizy	most schizy
schizzy	more schizzy	most schizzy
schleppy	more schleppy	most schleppy
schloopy	more schloopy	most schloopy
schmarmy	more schmarmy	most schmarmy
schmick	more schmick	most schmick
schmucky	more schmucky	most schmucky
schmutzy	more schmutzy	most schmutzy
schooly	more schooly	most schooly
schorly	more schorly	most schorly
schort	more schort	most schort
schticky	more schticky	most schticky
schweet	more schweet	most schweet
sciency	more sciency	most sciency
scient	more scient	most scient
scoopy	more scoopy	most scoopy
scopy	more scopy	most scopy
scorny	more scorny	most scorny
scotch	more scotch	most scotch
scotchy	more scotchy	most scotchy
scouty	more scouty	most scouty
scrabbly	more scrabbly	most scrabbly
scragly	more scragly	most scragly
scrambly	more scrambly	most scrambly
scranky	more scranky	most scranky
scrapy	more scrapy	most scrapy
scratty	more scratty	most scratty
screaky	more screaky	most screaky
screeny	more screeny	most screeny
scribbley	scribblier	scribbliest
scriggly	more scriggly	most scriggly
scrimp	more scrimp	most scrimp
scrinchy	more scrinchy	most scrinchy
scripty	more scripty	most scripty
scritchy	more scritchy	most scritchy
scroggy	more scroggy	most scroggy
scrotty	more scrotty	most scrotty
scrub	more scrub	most scrub
scrunty	more scrunty	most scrunty
scud	more scud	most scud
scuffly	more scuffly	most scuffly
sealy	more sealy	most sealy
searchy	more searchy	most searchy
seaworthy	seaworthier	seaworthiest
seck	more seck	most seck
secure	securer	securest
sedgy	more sedgy	most sedgy
seedly	more seedly	most seedly
seel	more seel	most seel
seh	more seh	most seh
seld	more seld	most seld
selfly	more selfly	most selfly
sensy	more sensy	most sensy
sere	more sere	most sere
seshy	more seshy	most seshy
set	more set	most set
seveare	sevearer	sevearest
severe	severer	severest
sfnal	more sfnal	most sfnal
shack	more shack	most shack
shackly	more shackly	most shackly
shadowy	shadowier	shadowiest
shag	more shag	most shag
shallow	shallower	shallowest
sham	more sham	most sham
shambly	more shambly	most shambly
shame	more shame	most shame
shan	more shan	most shan
shand	more shand	most shand
shanty	more shanty	most shanty
shapely	shapelier	shapeliest
shardy	more shardy	most shardy
sharky	more sharky	most sharky
sharny	more sharny	most sharny
sharpe	more sharpe	most sharpe
sheafy	more sheafy	most sheafy
sheathy	more sheathy	most sheathy
sheety	more sheety	most sheety
sheikhly	more sheikhly	most sheikhly
sheikly	more sheikly	most sheikly
shelfy	more shelfy	most shelfy
shelvy	more shelvy	most shelvy
shife	more shife	most shife
shimmery	shimmerier	shimmeriest
shirky	more shirky	most shirky
shitey	shitier	shitiest
shity	more shity	most shity
shivery	shiverier	shiveriest
shleppy	more shleppy	most shleppy
shlitty	more shlitty	most shlitty
shlumpy	more shlumpy	most shlumpy
shmoozy	more shmoozy	most shmoozy
shmucky	more shmucky	most shmucky
shmutzy	more shmutzy	most shmutzy
shockt	more shockt	most shockt
shoey	more shoey	most shoey
shoggly	more shoggly	most shoggly
shook	more shook	most shook
shookt	more shookt	most shookt
shooty	more shooty	most shooty
shore	more shore	most shore
shot	more shot	most shot
shotty	more shotty	most shotty
showery	showerier	showeriest
shred	more shred	most shred
shrilly	more shrilly	most shrilly
shroudy	more shroudy	most shroudy
shruggy	more shruggy	most shruggy
shrunk	more shrunk	most shrunk
shuffly	more shuffly	most shuffly
shyish	more shyish	most shyish
shōnen	more shōnen	most shōnen
sian	more sian	most sian
siao	more siao	most siao
sicc	more sicc	most sicc
sicky	more sicky	most sicky
side	more side	most side
sif	more sif	most sif
sik	more sik	most sik
silent	silenter	silentest
sill	more sill	most sill
silvery	silverier	silveriest
simp	more simp	most simp
simple	simpler	simplest
siong	more siong	most siong
sizy	more sizy	most sizy
sizzly	more sizzly	most sizzly
skaggy	more skaggy	most skaggy
skank	more skank	most skank
skeary	more skeary	most skeary
skeerd	more skeerd	most skeerd
skeert	more skeert	most skeert
sketch	more sketch	most sketch
skiddly	more skiddly	most skiddly
skilly	more skilly	most skilly
skimmy	more skimmy	most skimmy
skimp	more skimp	most skimp
skitz	more skitz	most skitz
skitzy	more skitzy	most skitzy
skooshy	more skooshy	most skooshy
skraight	more skraight	most skraight
skronky	more skronky	most skronky
skyan	more skyan	most skyan
skyblue	more skyblue	most skyblue
skyed	more skyed	most skyed
skyey	skyier	skyiest
skyish	more skyish	most skyish
skyly	more skyly	most skyly
slangly	more slangly	most slangly
slap	more slap	most slap
slape	more slape	most slape
slaphappy	slaphappier	slaphappiest
slapsticky	slapstickier	slapstickiest
slate	more slate	most slate
slatey	slatier	slatiest
slay	more slay	most slay
slazy	more slazy	most slazy
sleechy	more sleechy	most sleechy
sleeke	more sleeke	most sleeke
sleighty	more sleighty	most sleighty
slender	slenderer	slenderest
sleuthy	more sleuthy	most sleuthy
slicey	slicier	sliciest
sliddery	slidderier	slidderiest
sligh	more sligh	most sligh
slighty	more slighty	most slighty
slimey	slimier	slimiest
slimsy	more slimsy	most slimsy
slingy	more slingy	most slingy
slink	more slink	most slink
slippery	slipperier	slipperiest
slithery	slitherier	slitheriest
slobbery	slobberier	slobberiest
sloomy	more sloomy	most sloomy
slope	more slope	most slope
slothy	more slothy	most slothy
sloughy	more sloughy	most sloughy
slovenly	slovenlier	slovenliest
slubby	more slubby	most slubby
slued	more slued	most slued
sluggish	sluggisher	sluggishest
sluggy	more sluggy	most sluggy
sluicy	more sluicy	most sluicy
slutchy	more slutchy	most slutchy
slymy	more slymy	most slymy
smalmy	more smalmy	most smalmy
smeggy	more smeggy	most smeggy
smidgey	smidgier	smidgiest
smiley	smilier	smiliest
smily	more smily	most smily
smirk	more smirk	most smirk
smirry	more smirry	most smirry
smoakie	more smoakie	most smoakie
smol	smoler	smolest
smooshy	more smooshy	most smooshy
smoothe	more smoothe	most smoothe
smouldry	more smouldry	most smouldry
smudgey	smudgier	smudgiest
smurry	more smurry	most smurry
smutchy	more smutchy	most smutchy
snaggly	more snaggly	most snaggly
snary	more snary	most snary
snipey	snipier	snipiest
snipt	more snipt	most snipt
snithe	more snithe	most snithe
snoof	more snoof	most snoof
snub	more snub	most snub
snuffly	more snuffly	most snuffly
so	more so	most so
soakt	more soakt	most soakt
sober	soberer	soberest
socky	more socky	most socky
sod	more sod	most sod
soigné	more soigné	most soigné
soignée	more soignée	most soignée
sold	more sold	most sold
solemn	solemner	solemnest
somber	somberer	somberest
sonsie	more sonsie	most sonsie
sonsy	more sonsy	most sonsy
sordid	sordider	sordidest
sot	more sot	most sot
soundy	more soundy	most soundy
southly	more southly	most southly
sower	sowerer	sowerest
soy	more soy	most soy
soyed	more soyed	most soyed
sozzly	more sozzly	most sozzly
spacey	spacier	spaciest
spake	more spake	most spake
spaky	more spaky	most spaky
spalt	more spalt	most spalt
sparce	more sparce	most sparce
sparry	more sparry	most sparry
spary	more spary	most spary
spawny	more spawny	most spawny
speary	more speary	most speary
speckly	more speckly	most speckly
speechworthy	speechworthier	speechworthiest
speechy	more speechy	most speechy
spelky	more spelky	most spelky
spenny	more spenny	most spenny
spesh	more spesh	most spesh
spewy	more spewy	most spewy
sphery	more sphery	most sphery
sphæric	more sphæric	most sphæric
spidery	spiderier	spideriest
spiff	more spiff	most spiff
spikey	spikier	spikiest
spilly	more spilly	most spilly
spiry	more spiry	most spiry
spiss	more spiss	most spiss
spittly	more spittly	most spittly
spitty	more spitty	most spitty
splatchy	more splatchy	most splatchy
splatty	more splatty	most splatty
splay	more splay	most splay
splendid	splendider	splendidest
spliffy	more spliffy	most spliffy
splinty	more splinty	most splinty
spludgy	more spludgy	most spludgy
spoddy	more spoddy	most spoddy
spoffy	more spoffy	most spoffy
spoilt	more spoilt	most spoilt
spoky	more spoky	most spoky
spongey	spongier	spongiest
spooney	spoonier	spooniest
sportly	more sportly	most sportly
sportsy	more sportsy	most sportsy
sposhy	more sposhy	most sposhy
spouty	more spouty	most spouty
sprack	more sprack	most sprack
sprag	more sprag	most sprag
spraid	more spraid	most spraid
sprayed	more sprayed	most sprayed
sprayey	sprayier	sprayiest
spready	more spready	most spready
spreeish	more spreeish	most spreeish
sprent	more sprent	most sprent
springly	more springly	most springly
sprinkly	more sprinkly	most sprinkly
spritely	spritelier	spriteliest
sproingy	more sproingy	most sproingy
sprote	more sprote	most sprote
sprung	more sprung	most sprung
sprunny	more sprunny	most sprunny
sprunt	more sprunt	most sprunt
spuddy	more spuddy	most spuddy
sqround	more sqround	most sqround
squab	more squab	most squab
squabbly	more squabbly	most squabbly
squaddy	more squaddy	most squaddy
squalid	squalider	squalidest
squary	more squary	most squary
squat	squatter	squattest
squatchy	more squatchy	most squatchy
squdgy	more squdgy	most squdgy
squeasy	more squeasy	most squeasy
squeazy	more squeazy	most squeazy
squiddy	more squiddy	most squiddy
squiggley	squigglier	squiggliest
squirrelly	squirrellier	squirrelliest
squitchy	more squitchy	most squitchy
squoggy	more squoggy	most squoggy
squudgy	more squudgy	most squudgy
stable	stabler	stablest
stageworthy	stageworthier	stageworthiest
stainy	more stainy	most stainy
stale	staler	stalest
stank	more stank	most stank
stanky	more stanky	most stanky
starey	starier	stariest
starly	more starly	most starly
state	more state	most state
stately	statelier	stateliest
statty	more statty	most statty
steadfast	steadfaster	steadfastest
stedfast	stedfaster	stedfastest
steply	more steply	most steply
stewy	more stewy	most stewy
stfnal	more stfnal	most stfnal
stickly	more stickly	most stickly
stiffe	more stiffe	most stiffe
stimmy	more stimmy	most stimmy
stink	more stink	most stink
stinty	more stinty	most stinty
stipply	more stipply	most stipply
stitchy	more stitchy	most stitchy
stith	more stith	most stith
stivy	more stivy	most stivy
stoaty	more stoaty	most stoaty
stoic	more stoic	most stoic
stoick	more stoick	most stoick
stolid	stolider	stolidest
stoopid	stoopider	stoopidest
stoopy	more stoopy	most stoopy
stoory	more stoory	most stoory
stormie	more stormie	most stormie
stour	more stour	most stour
stouty	more stouty	most stouty
stowre	more stowre	most stowre
straught	more straught	most straught
strawberry	strawberrier	strawberriest
strawy	more strawy	most strawy
stray	more stray	most stray
streamie	more streamie	most streamie
street	more street	most street
streetworthy	streetworthier	streetworthiest
streety	more streety	most streety
streight	more streight	most streight
strewn	more strewn	most strewn
striate	more striate	most striate
stripey	stripier	stripiest
stroady	more stroady	most stroady
stroft	more stroft	most stroft
stroky	more stroky	most stroky
struggly	more struggly	most struggly
strummy	more strummy	most strummy
strunty	more strunty	most strunty
strut	more strut	most strut
strutty	more strutty	most strutty
stubly	more stubly	most stubly
stuck	more stuck	most stuck
stuggy	more stuggy	most stuggy
stulty	more stulty	most stulty
stunty	more stunty	most stunty
stupid	stupider	stupidest
stush	more stush	most stush
stuttery	stutterier	stutteriest
styey	more styey	most styey
suant	more suant	most suant
suay	more suay	most suay
sublime	sublimer	sublimest
subtile	subtiler	subtilest
subtle	subtler	subtlest
sudden	suddener	suddenest
suent	more suent	most suent
suetty	more suetty	most suetty
suety	more suety	most suety
sugary	sugarier	sugariest
suid	more suid	most suid
sullen	sullener	sullenest
sultrie	more sultrie	most sultrie
summery	summerier	summeriest
sumpy	more sumpy	most sumpy
suoid	more suoid	most suoid
superb	superber	superbest
supple	suppler	supplest
supream	supreamer	supreamest
supreme	supremer	supremest
surd	more surd	most surd
surgy	more surgy	most surgy
sus	more sus	most sus
suss	more suss	most suss
svelt	more svelt	most svelt
swanly	more swanly	most swanly
swardy	more swardy	most swardy
swarty	more swarty	most swarty
swashy	more swashy	most swashy
swate	more swate	most swate
swathy	more swathy	most swathy
swayed	more swayed	most swayed
swayey	more swayey	most swayey
swee	more swee	most swee
sweepy	more sweepy	most sweepy
sweer	more sweer	most sweer
sweir	more sweir	most sweir
swelly	more swelly	most swelly
sweltry	more sweltry	most sweltry
swere	more swere	most swere
swervy	more swervy	most swervy
swike	more swike	most swike
swimmy	more swimmy	most swimmy
switchy	more switchy	most switchy
swole	swoler	swolest
swoony	more swoony	most swoony
swooshy	more swooshy	most swooshy
sylphy	more sylphy	most sylphy
syn	more syn	most syn
synthy	more synthy	most synthy
syrupy	syrupier	syrupiest
talcky	more talcky	most talcky
talcy	more talcy	most talcy
tappy	more tappy	most tappy
taunt	more taunt	most taunt
taupe	more taupe	most taupe
tawie	more tawie	most tawie
tea	more tea	most tea
teachy	more teachy	most teachy
teaish	more teaish	most teaish
teaky	more teaky	most teaky
teal	more teal	most teal
teasy	more teasy	most teasy
teet	more teet	most teet
teethly	more teethly	most teethly
teethy	more teethy	most teethy
telly	more telly	most telly
tender	tenderer	tenderest
tendre	more tendre	most tendre
terne	more terne	most terne
terrible	terribler	terriblest
teugh	more teugh	most teugh
thankworthy	thankworthier	thankworthiest
tharf	more tharf	most tharf
thatchy	more thatchy	most thatchy
thawy	more thawy	most thawy
thegnly	more thegnly	most thegnly
thewy	more thewy	most thewy
thiefly	more thiefly	most thiefly
thiefy	more thiefy	most thiefy
thingly	more thingly	most thingly
thingmy	more thingmy	most thingmy
thongy	more thongy	most thongy
thoro	thoroer	thoroest
thorough	thorougher	thoroughest
thoughtworthy	thoughtworthier	thoughtworthiest
thrall	more thrall	most thrall
thran	more thran	most thran
thrang	more thrang	most thrang
thro	more thro	most thro
throddy	more throddy	most throddy
throngy	more throngy	most throngy
thrummy	more thrummy	most thrummy
thursty	more thursty	most thursty
thwart	more thwart	most thwart
thymey	thymier	thymiest
ticcy	more ticcy	most ticcy
tiddly	more tiddly	most tiddly
tidgy	more tidgy	most tidgy
tied	more tied	most tied
tiffy	more tiffy	most tiffy
tilly	more tilly	most tilly
tilty	more tilty	most tilty
timely	timelier	timeliest
timid	timider	timidest
tinchy	more tinchy	most tinchy
tinfoily	tinfoilier	tinfoiliest
tinty	more tinty	most tinty
tipply	more tipply	most tipply
tith	more tith	most tith
tits	more tits	most tits
titsy	more titsy	most titsy
toadly	more toadly	most toadly
toady	more toady	most toady
toaty	more toaty	most toaty
toed	more toed	most toed
toey	toeier	toeiest
tomatoey	tomatoier	tomatoiest
toney	tonier	toniest
tonguey	tonguier	tonguiest
tonguy	tonguier	tonguiest
toom	more toom	most toom
toony	more toony	most toony
toplofty	toploftier	toploftiest
topply	more topply	most topply
toppy	more toppy	most toppy
tor	more tor	most tor
tore	more tore	most tore
torn	more torn	most torn
torquey	torquier	torquiest
torrid	torrider	torridest
tort	more tort	most tort
tosie	more tosie	most tosie
tossy	more tossy	most tossy
tottery	totterier	totteriest
totty	more totty	most totty
touristy	touristier	touristiest
tously	more tously	most tously
tousy	more tousy	most tousy
touzy	more touzy	most touzy
townly	more townly	most townly
towsy	more towsy	most towsy
towy	more towy	most towy
toy	more toy	most toy
toying	more toying	most toying
toyish	more toyish	most toyish
toyous	more toyous	most toyous
tozy	more tozy	most tozy
trace	more trace	most trace
traily	more traily	most traily
trainy	more trainy	most trainy
trancy	more trancy	most trancy
tranquil	tranquiler	tranquilest
treed	more treed	most treed
treeish	more treeish	most treeish
treely	more treely	most treely
treen	more treen	most treen
treey	treeier	treeiest
trekky	more trekky	most trekky
tressy	more tressy	most tressy
trickly	more trickly	most trickly
tried	more tried	most tried
trife	more trife	most trife
trilly	more trilly	most trilly
trimm	more trimm	most trimm
trinkly	more trinkly	most trinkly
tripey	tripier	tripiest
trist	more trist	most trist
triste	more triste	most triste
trolly	more trolly	most trolly
trotty	more trotty	most trotty
troubly	more troubly	most troubly
troughy	more troughy	most troughy
tru	more tru	most tru
truand	more truand	most truand
truantly	more truantly	most truantly
truffly	more truffly	most truffly
trundly	more trundly	most trundly
trunky	more trunky	most trunky
trust	more trust	most trust
trve	more trve	most trve
try	more try	most try
trying	more trying	most trying
tumbly	more tumbly	most tumbly
tumpy	more tumpy	most tumpy
turdy	more turdy	most turdy
turnt	more turnt	most turnt
turny	more turny	most turny
twaddly	more twaddly	most twaddly
twee	more twee	most twee
tween	more tween	most tween
twerpy	more twerpy	most twerpy
twingy	more twingy	most twingy
twinly	more twinly	most twinly
twinny	more twinny	most twinny
twinsy	more twinsy	most twinsy
twiny	more twiny	most twiny
twitty	more twitty	most twitty
twizzly	more twizzly	most twizzly
twot	more twot	most twot
twp	more twp	most twp
tydie	more tydie	most tydie
tyny	more tyny	most tyny
typey	typier	typiest
tædious	more tædious	most tædious
ultradry	ultradrier	ultradriest
umbre	more umbre	most umbre
unable	unabler	unablest
unc	more unc	most unc
uncanny	uncannier	uncanniest
unclean	uncleaner	uncleanest
unclear	unclearer	unclearest
uncomely	uncomelier	uncomeliest
uncool	uncooler	uncoolest
uncouth	uncouther	uncouthest
undirty	undirtier	undirtiest
undue	more undue	most undue
unearthly	unearthlier	unearthliest
uneasy	uneasier	uneasiest
unfair	unfairer	unfairest
unfit	unfitter	unfittest
unfriendly	unfriendlier	unfriendliest
unfull	unfuller	unfullest
unfunny	unfunnier	unfunniest
unfussy	unfussier	unfussiest
ungainly	ungainlier	ungainliest
ungentle	ungentler	ungentlest
ungood	ungooder	ungoodest
unhandy	unhandier	unhandiest
unhappy	unhappier	unhappiest
unhealthy	unhealthier	unhealthiest
unholy	unholier	unholiest
unique	uniquer	uniquest
unkind	unkinder	unkindest
unlikely	unlikelier	unlikeliest
unlovely	unlovelier	unloveliest
unlucky	unluckier	unluckiest
unmad	unmadder	unmaddest
unmanly	unmanlier	unmanliest
unpleasant	unpleasanter	unpleasantest
unpretty	unprettier	unprettiest
unquiet	unquieter	unquietest
unripe	unriper	unripest
unruly	unrulier	unruliest
unsad	unsadder	unsaddest
unseemly	unseemlier	unseemliest
unsexy	unsexier	unsexiest
unshy	more unshy	most unshy
unskinny	unskinnier	unskinniest
unsly	more unsly	most unsly
unsteady	unsteadier	unsteadiest
unsubtle	unsubtler	unsubtlest
unsure	unsurer	unsurest
unthrifty	unthriftier	unthriftiest
untidy	untidier	untidiest
untimely	untimelier	untimeliest
untrue	more untrue	most untrue
untzy	more untzy	most untzy
unwary	unwarier	unwariest
unwelcome	unwelcomer	unwelcomest
unwide	unwider	unwidest
unwise	unwiser	unwisest
unworldly	unworldlier	unworldliest
unworthy	unworthier	unworthiest
upfield	further upfield	furthest upfield
uphill	further uphill	furthest uphill
uppity	uppitier	uppitiest
upriver	further upriver	furthest upriver
ups	more ups	most ups
upshore	further upshore	furthest upshore
upslope	further upslope	furthest upslope
upstairs	further upstairs	furthest upstairs
upstream	further upstream	furthest upstream
upthread	further upthread	furthest upthread
uptight	uptighter	uptightest
uptown	further uptown	furthest uptown
upvalley	further upvalley	furthest upvalley
upwind	further upwind	furthest upwind
upz	more upz	most upz
urbane	urbaner	urbanest
urpy	more urpy	most urpy
ush	more ush	most ush
ushe	more ushe	most ushe
ust	more ust	most ust
uzh	more uzh	most uzh
uzhe	more uzhe	most uzhe
uzhje	more uzhje	most uzhje
vaulty	more vaulty	most vaulty
vaunty	more vaunty	most vaunty
veggie	more veggie	most veggie
verby	more verby	most verby
vervy	more vervy	most vervy
verye	verier	veriest
vetchy	more vetchy	most vetchy
vibey	vibier	vibiest
viewly	more viewly	most viewly
vild	more vild	most vild
vilde	more vilde	most vilde
vile	viler	vilest
vinny	more vinny	most vinny
violent	violenter	violentest
violet	violeter	violetest
vive	more vive	most vive
vniust	more vniust	most vniust
voggy	more voggy	most voggy
vogie	more vogie	most vogie
voicy	more voicy	most voicy
vorny	more vorny	most vorny
voyd	more voyd	most voyd
vpright	more vpright	most vpright
vrot	more vrot	most vrot
vuggy	more vuggy	most vuggy
vughy	more vughy	most vughy
vugly	more vugly	most vugly
waddly	more waddly	most waddly
waffley	wafflier	waffliest
wafty	more wafty	most wafty
waid	more waid	most waid
waify	more waify	most waify
walt	more walt	most walt
walty	more walty	most walty
wandy	more wandy	most wandy
wangsty	more wangsty	most wangsty
wankly	more wankly	most wankly
wanty	more wanty	most wanty
wany	more wany	most wany
warbly	more warbly	most warbly
ware	more ware	most ware
warly	more warly	most warly
warme	more warme	most warme
warpy	more warpy	most warpy
warweary	warwearier	warweariest
waste	more waste	most waste
wastry	more wastry	most wastry
watery	waterier	wateriest
waugh	more waugh	most waugh
wavey	wavier	waviest
waxy	more waxy	most waxy
wayed	more wayed	most wayed
wayn	more wayn	most wayn
wealy	more wealy	most wealy
wearie	more wearie	most wearie
weasely	weaselier	weaseliest
weasy	more weasy	most weasy
weavy	more weavy	most weavy
weightie	more weightie	most weightie
weirdy	more weirdy	most weirdy
welcome	welcomer	welcomest
well	better	best
welsh	more welsh	most welsh
wenchly	more wenchly	most wenchly
wenny	more wenny	most wenny
wery	more wery	most wery
westly	more westly	most westly
westy	more westy	most westy
whally	more whally	most whally
wheedly	more wheedly	most wheedly
whelky	more whelky	most whelky
wheyey	wheyier	wheyiest
wheyish	more wheyish	most wheyish
whiff	more whiff	most whiff
whimmy	more whimmy	most whimmy
whiney	whinier	whiniest
whingy	more whingy	most whingy
whirry	more whirry	most whirry
whispy	more whispy	most whispy
whist	more whist	most whist
whistly	more whistly	most whistly
whitey	whitier	whitiest
whole	wholer	wholest
wholle	wholler	whollest
wholsome	wholsomer	wholsomest
whoopsy	more whoopsy	most whoopsy
whoopy	more whoopy	most whoopy
whooshy	more whooshy	most whooshy
whorey	whorier	whoriest
whorly	more whorly	most whorly
whot	more whot	most whot
whuffly	more whuffly	most whuffly
wicke	more wicke	most wicke
wicked	wickeder	wickedest
widdle	widdler	widdlest
widdly	more widdly	most widdly
wieldy	more wieldy	most wieldy
wiery	more wiery	most wiery
wifely	wifelier	wifeliest
wifey	wifier	wifiest
willowy	willowier	willowiest
wilty	more wilty	most wilty
wimdy	more wimdy	most wimdy
wimp	more wimp	most wimp
wingy	more wingy	most wingy
winky	more winky	most winky
winly	more winly	most winly
winne	more winne	most winne
winsome	winsomer	winsomest
wintery	winterier	winteriest
wis	more wis	most wis
witchly	more witchly	most witchly
wittle	wittler	wittlest
wize	more wize	most wize
woady	more woady	most woady
woe	more woe	most woe
woeful	woefuller	woefullest
wofull	wofuller	wofullest
woke	more woke	most woke
womanly	womanlier	womanliest
wombly	more wombly	most wombly
womby	more womby	most womby
wonderful	wonderfuller	wonderfullest
woo	more woo	most woo
woodly	more woodly	most woodly
wooish	more wooish	most wooish
woosy	more woosy	most woosy
wordly	more wordly	most wordly
workly	more workly	most workly
workshy	more workshy	most workshy
worksy	more worksy	most worksy
worldweary	worldwearier	worldweariest
worldy	more worldy	most worldy
wormly	more wormly	most wormly
worn	more worn	most worn
worty	more worty	most worty
woundy	more woundy	most woundy
wowf	more wowf	most wowf
wraithly	more wraithly	most wraithly
wraithy	more wraithy	most wraithy
wrapt	more wrapt	most wrapt
wrath	more wrath	most wrath
wreathy	more wreathy	most wreathy
wrecky	more wrecky	most wrecky
wrenchy	more wrenchy	most wrenchy
writhy	more writhy	most writhy
wrong	more wrong	most wrong
wroth	more wroth	most wroth
wrought	more wrought	most wrought
wud	more wud	most wud
xian	more xian	most xian
xiong	more xiong	most xiong
xtreme	more xtreme	most xtreme
yaller	yallerer	yallerest
yampy	more yampy	most yampy
yar	more yar	most yar
yarny	more yarny	most yarny
yawy	more yawy	most yawy
yaya	more yaya	most yaya
yblent	more yblent	most yblent
ybound	more ybound	most ybound
ycie	more ycie	most ycie
yellow	yellower	yellowest
yellowy	yellowier	yellowiest
yeuky	more yeuky	most yeuky
yewzh	more yewzh	most yewzh
yezzy	more yezzy	most yezzy
yieldly	more yieldly	most yieldly
yieldy	more yieldy	most yieldy
yippy	more yippy	most yippy
yobby	more yobby	most yobby
yoky	more yoky	most yoky
yooj	more yooj	most yooj
yoozh	more yoozh	most yoozh
yoozhe	more yoozhe	most yoozhe
youngly	more youngly	most youngly
youngthly	more youngthly	most youngthly
youthly	more youthly	most youthly
youthy	more youthy	most youthy
youzh	more youzh	most youzh
youzhe	more youzhe	most youzhe
yowly	more yowly	most yowly
yplight	more yplight	most yplight
yuchy	more yuchy	most yuchy
yuzh	more yuzh	most yuzh
yuzhe	more yuzhe	most yuzhe
zeitgeisty	zeitgeistier	zeitgeistiest
zen	more zen	most zen
zhoosh	more zhoosh	most zhoosh
zhoozh	more zhoozh	most zhoozh
zhun	more zhun	most zhun
zhuzh	more zhuzh	most zhuzh
ziggy	more ziggy	most ziggy
zincky	more zincky	most zincky
zincy	more zincy	most zincy
zinky	more zinky	most zinky
zio	more zio	most zio
zizzy	more zizzy	most zizzy
zoic	more zoic	most zoic
zonky	more zonky	most zonky
zooey	zooier	zooiest
zooid	more zooid	most zooid
zooish	more zooish	most zooish
zooty	more zooty	most zooty
æneous	more æneous	most æneous
æqual	more æqual	most æqual
æquall	more æquall	most æquall
ærose	more ærose	most ærose
ætern	more ætern	most ætern
æterne	more æterne	most æterne
élite	more élite	most élite
